"Nombre ","Direccion","CP","Localidad","Provincia","Apellidos persona contacto","Nombre persona contacto","Telefono","Movil","Fax","email","web","sector","productos","formato y envase","Stand"
"AB CAFÉ","Polg. Ind. Hacienda Dolores, C-7 Naves,16-22",41500,"Alcalá de Guadaira","Sevilla","Bermúdez Borrego","Álvaro","955 631 562",,"955 334 310","hola@cafeab.com","www.cafeab.com",5,"Café, Azúcar, Infusiones, Chocolate","Formato de 3 kilos y envase metálico, hermético y con triple cierre.",2216
"C.R.D.O. ANTEQUERA","Ctra. Córdoba, s/n Apartado 88",29200,"Antequera","Málaga","Ortíz Ariona (secretario general)","José Luis","952 841 451",,"952 840 359","info@doantequera.org","www.doantequera.org",1,"Aceite de Oliva Virgen Extra ""Hojiblanca Selección""","Lata 3 l. Vidrio 0,25 y 0,5",2029
"ACESUR","Ctra. de la Carolina, Km 29",23220,"Vilches","Jaén","Guillén","Álvaro","954 690 900",,"954 690 450","info@acesur.com","www.acesur.com",1,"Aceite (oliva virgen extra, oliva, girasol, orujo de oliva, semillas), Aceitunas, Condimentos, Gazpacho, Vinagres, Paté de aceitunas, Nutraceites, Glassa, Mayonesa y ketchup.","250, 500, 750, 1 l. cristal; 1l., 2l., 3l., 5l. Pet; 25l. PHD","2115-2116"
"AECOVI-JEREZ SCA","Urb. Pie de Rey Bq. 3 Local Izq.",11407,"Jeréz de la Frontera","Cádiz","González","Juan","956 180 873",,"956 180 301","exportacion@aecovi-jerez.com","www.aecovi-jerez.com",2,"Vinos de Jerez, Vinagres de Jerez, Arropes","Vino: Cristal 375 y 750 ml.; Vinagres y arropes: Cristal 250 y 750 ml., Pet 5l.",2210
"AECOVI-JEREZ SCA","Urb. Pie de Rey Bq. 3 Local Izq.",11407,"Jeréz de la Frontera","Cádiz","González","Juan","956 180 873",,"956 180 301","exportacion@aecovi-jerez.com","www.aecovi-jerez.com",16,"Vinos de Jerez, Vinagres de Jerez, Arropes","Vino: Cristal 375 y 750 ml.; Vinagres y arropes: Cristal 250 y 750 ml., Pet 5l.",2210
"AGUA DE SEVILLA","Escuelas Pías, 1",41003,"Sevilla","Sevilla","Cuesta","Mario Enrique","955 477 314","600 958 470","955 477 440","mcuesta@emasesa.com","www.aguasdesevilla.com",5,"Agua DeSevilla","El producto se comercializa en envase de cristal transparente de 750 ml., con tapón hexagonal y serigrafiado en rojo carmesí.",
"AL-ANDALUS DELICATESSEN","Caño de las Eras, 9",18420,"Lanjarón","Granada","Bermúdez Heredia","Fidel","958 772 111",,"958 772 228","info@alandalussca.com","www.alandalussca.com",6,"Miel D.O.P. ""Miel de Granada"" Calidad Certificada, Miel de Las Alpujarras, Mermeladas, Conservas Vegetales, Repostería Morisca y Chocolates.","Envasamos tanto en formatos para el ama de casa (250 gr., 500 gr.) como formatos para hostelería 1 Kg, 2 Kg, 30 Kg. Envases de cristal, Pet, Pet antigoteo, etc.",2053
"AL-ANDALUS DELICATESSEN","Caño de las Eras, 9",18420,"Lanjarón","Granada","Bermúdez Heredia","Fidel","958 772 111",,"958 772 228","info@alandalussca.com","www.alandalussca.com",11,"Miel D.O.P. ""Miel de Granada"" Calidad Certificada, Miel de Las Alpujarras, Mermeladas, Conservas Vegetales, Repostería Morisca y Chocolates.","Envasamos tanto en formatos para el ama de casa (250 gr., 500 gr.) como formatos para hostelería 1 Kg, 2 Kg, 30 Kg. Envases de cristal, Pet, Pet antigoteo, etc.",2053
"ALMENSUR","Camino de la Almendrera, s/n",29580,"Estación de Cartama","Málaga","Sánchez","Ana María","952 420 020",,"952 420 825","comercial@almensur.com","www.almensur.com",7,"Almendras, miel, frutos secos en general.","Granel, bolsas al vacío, bolsas 200 grs…",2137
"ANDALUZA DE MIELES","Aparicio, s/n",41807,"Espartinas","Sevilla","Ramírez","Cristina","954 113 032",,"955 710 268","info@andaluzademieles.com","www.andaluzademieles.com",6,,,2198
"ARROCES DE DOÑANA","Polg. Ind. El Puntal Nave, 1-B",41140,"Isla Mayor","Sevilla","Pallarés Verdugo","Fernando","955 773 046",,955773964,"arrocesdedonana@gmail.com",,10,"Arroz","Envases (1) (5) (25). Marcas: Laguna Real: (1)- Grano redondo, Guadalis: (1) (5) (25)- Grano Redondo, largo y vaporizado.",2136
"ASEMA","Rec. Int. Zona Franca - Edificio Melkart,22 B",11011,"Cádiz","Cádiz","Concepción Toscano","Antonio","956 205 685",,"956 205 687","admon@asemaonline.com","www.asemaonline.com",12,"Dorada de crianza del sur, Dorada de crianza de calidad certificada, Pescado de estero",,"2248-2249-2250"
"ASEMA","Rec. Int. Zona Franca - Edificio Melkart,22 B",11011,"Cádiz","Cádiz","Concepción Toscano","Antonio","956 205 685",,"956 205 687","admon@asemaonline.com","www.asemaonline.com",9,"Dorada de crianza del sur, Dorada de crianza de calidad certificada, Pescado de estero",,"2248-2249-2250"
"ASOC. ANDALUZA DE FABRICANTES DE SALAZONES Y AHUMADOS","Glorieta del Agua, 4 Edificio Aljamar Center 2ª Planta, Oficina 9",41940,"Tomares","Sevilla","Becerra Tey","Manuel","954 151 823","660 994 459","954 157 592","info@salazonesyahumados.com","www.salazonesyahumados.com",9,"Salazones y ahumados",,2191
"ASOCIACIÓN CAAE","Avda. Emilio Lemos, 2 Edificio Torre Este Mod. 603",41020,"Tomares","Sevilla",,,"954 689 390",,"955 003 881","comuni@caae.es","www.caae.es",9,,,"2212-2213"
"BODEGAS CRUZ CONDE","Ronda Canillo, 4",14550,"Montilla","Córdoba","Padillo Morilla","Emilio","957 651 250","664 337 180","957 653 619","emiliopadillo@bodegascruzconde.es","www.bodegascruzconde.es",16,"Fino Cruz Conde, Pedro Ximenez 1902, Gran Brandy Cruz Conde, Vermouth artesano, Vinagre V al PX, Vinagre V Gran Reserva, Anís La Cordobesa, Mojito Ribera Caribeña, Licores de frutas",,"2093-2096"
"BODEGAS GONZÁLEZ PALACIOS","Vírgen de Consolación, 60",41740,"Lebrija","Sevilla","González","Félix","955 972 785","658 905 044","955 974 084","bodegas@gonzalezpalacios.com","www.gonzalezpalacios.com",16,"Vinos tintos y blancos andaluces, Vinos dulces y generosos de calidad.","Botellas de 75 y 37, 5 cl., y Bag in box",2260
"C.R. D.E. ""BRANDY DE JEREZ""","Avda. Alcalde Álvaro Domecq, 2",11402,"Jeréz de la Frontera","Cádiz","Rebuelta González","Ricardo","956 350 070",,"956 322 114","consejo@brandydejerez.es","www.brandydejerez.es",16,"Brandy de Jerez Solera, Brandy de Jerez Solera Reserva, Brandy de Jerez Solera Gran Reserva","0,70; 0,75; 0,50",2220
"C.R. VINOS DE JEREZ, MANZANILLA Y VINAGRES DE JEREZ","Avda. Alcalde Álvaro Domecq, 2",11405,"Jeréz de la Frontera","Cádiz","Aumesquet (Jefe Dpto. Promoción)","Carmen","956 332 050",,"956 338 908","vinjerez@sherry.org","www.sherry.org / www.vinagredejerez.org",16,"Vinos de Jerez, Manzanilla-Sanlúcar de Barrameda y Vinagres de Jerez","Vinos y Manzanilla 75 y 50 cls., Vinagres varios formatos (75 cls., 50 cls., 35 cls., 25cls.)",2219
"C.R.D.O. BAENA","Pza. de la Constitución, s/n",14850,"Baena","Córdoba","Feria Ager","María José","957 691 121","629 294 877","957 691 110","tierradeolivos@dobaena.com","www.dobaena.com",1,,,"2221-2222"
"C.R.D.O. CAMPIÑAS DE JAÉN","Corredera de San Fernando, 32 (Casa de la Tercia)",23400,"Úbeda","Jaén","Momblan Hidalgo","Esteban","953 755 889",,"953 758 387","direccion@campinasdejaen.es","www.campinasdejaen.es",1,,,"2157-2160"
"C.R.D.O. MONTORO-ADAMUZ","Alto Guadalquivir, 6",14430,"Adamuz","Córdoba","Terán","Antonio","957 166 496",,957166496,"info@montoro-adamuz.com","www.montoro-adamuz.com",1,,,2029
"C.R.D.O. SIERRA CAZORLA","A- 319 Km. 10,5",23470,"Cazorla","Jaén","Tiscar","Emilio","953 722 121","657 557 184","953 722 113","denominacion@desierracazorla.es","www.desierracazorla.es",1,"Aceite de Oliva Virgen Extra Sierra Cazorla Certificado.",,"2157-2160"
"C.R.D.O. SIERRA CAZORLA","A- 319 Km. 10,5",23470,"Cazorla","Jaén","Tiscar","Emilio","953 722 121","657 557 184","953 722 113","denominacion@desierracazorla.es","www.desierracazorla.es",9,"Aceite de Oliva Virgen Extra Sierra Cazorla Certificado.",,"2157-2160"
"C.R.D.O. SIERRA DE SEGURA","P.I. Llanos de Armijo, s/n",23360,"Puerta De Segura(La)","Jaén","Moreno Ballesteros","Francisco","953 486 063","639 832 253","953 486 473","gerencia@dosierradesegura.com","www.dosierradesegura.com",1,"Aceite de Oliva Virgen Extra D.O. Sierra de Segura.",,"2157-2160"
"C.R.D.O. SIERRA MÁGINA","Ctra. Mancha Real - Jodar, s/n Pol. Ind. Los Llanos",23537,"Bedmar y Garciez","Jaén","Sutil García","Manuel J.","953 772 090",,"953 772 272","denominacion@sierramagina.org","www.sierramagina.org",1,"Aceite de Oliva Virgen Extra con D.O. Sierra Mágina.","Latas desde 500 ml. hasta 5 litros, envases de cristal desde 125 ml. hasta 1 litro, y PET.","2157-2160"
"C.R.D.O.P. SIERRA DE CÁDIZ","Polígono Industrial, s/n",11690,"Olvera","Cádiz",,"Dolores Ortega Albarrán / Francisca Troya Cantalejo","956 130 034","618 971 481","956 120 511","aceitecadiz@interbook.net","www.dosierradecadiz.com",1,"Aceite de Oliva Virgen Extra con Denominación de Origen. Olivar Sierra de Cádiz.",,2039
"C.R.DD.OO. MÁLAGA, SIERRAS DE MÁLAGA Y PASAS DE MÁLAGA","Pl. de los Viñeros, 1",29008,"Málaga","Málaga","Xanthopoulou","Georgia","952 227 990",,"952 227 990","promycom@vinomalaga.com","www.museovinomalaga.com",16,"Vinos con D.O. Málaga, Vinos con D.O. Sierras de Málaga","Botellas de vidrio de 50 cl. y 75 cl.","2060-2061;2064"
"CAMPO RICO","P.E. Cuarto de la Huerta, s/n",41220,"Burguillos","Sevilla","Acuña","Juan Carlos","955 738 980","605 963 861","955 738 980","juancarloscamporico@yahoo.es","www.camporico.com",6,"Semiconservas vegetales; Precocinados","Pimientos asados tradicionales, 350 grs. 500 grs., 2,5 Kg.; Pisto tradicional (Ratatouille), 380 grs. 2,5 Kg., Alcachofas con aceite de oliva 300 grs., 1,8 Kg.; Zanahorias estilo andaluz, 350 grs., 1 Kg.",2140
"CAMPO RICO","P.E. Cuarto de la Huerta, s/n",41220,"Burguillos","Sevilla","Acuña","Juan Carlos","955 738 980","605 963 861","955 738 980","juancarloscamporico@yahoo.es","www.camporico.com",7,"Semiconservas vegetales; Precocinados","Pimientos asados tradicionales, 350 grs. 500 grs., 2,5 Kg.; Pisto tradicional (Ratatouille), 380 grs. 2,5 Kg., Alcachofas con aceite de oliva 300 grs., 1,8 Kg.; Zanahorias estilo andaluz, 350 grs., 1 Kg.",2140
"CAMPO RICO","P.E. Cuarto de la Huerta, s/n",41220,"Burguillos","Sevilla","Acuña","Juan Carlos","955 738 980","605 963 861","955 738 980","juancarloscamporico@yahoo.es","www.camporico.com",10,"Semiconservas vegetales; Precocinados","Pimientos asados tradicionales, 350 grs. 500 grs., 2,5 Kg.; Pisto tradicional (Ratatouille), 380 grs. 2,5 Kg., Alcachofas con aceite de oliva 300 grs., 1,8 Kg.; Zanahorias estilo andaluz, 350 grs., 1 Kg.",2140
"CASTILLO DE CANENA","Remedios, 4",23420,"Canena","Jaén","Alameda Olivares","Isabel","953 770 101","628 069 612","953 770 898","info@castillodecanena.com","www.castillodecanena.com",1,"Aceite de Oliva Virgen Extra Castillo de Canena Reserva Familiar. Variedades: Picual y Arbequina. Aceite de Oliva Virgen Extra Primer Día de Cosecha. Variedades: picual y arbequina.Aceites del Siglo XXI. Primero. Royal Temprano. Variedad: Royal.","Reserva Familiar: 500 ml. y 250 ml., Primer Día de Cosecha: 500 ml., Royal Temprano: 500 ml.",2139
"CATUNAMBÚ","Fósforo, 1",41007,"Sevilla","Sevilla","Gordillo Scholl","Alejandro","954 367 410","687 501 619","954 361 262","hogar@catunambu.es","www.catunambu.es",10,"Café tostado y otros productos relacionados.","Envases de 250 gr. para Gran Consumo en todas sus variedades (Natural, Mezcla y Descafeinado) y formato de 1 kg. para hostelería en todas sus variedades.","2084-2085"
"CONSEJERÍA DE AGRICULTURA Y PESCA - JUNTA DE ANDALUCÍA","Tabladilla, s/n",41071,"Sevilla","Sevilla",,,"955 032 000",,,"svca.cap@juntadeandalucia.es","www.juntadeandalucia.es/agriculturaypesca",9,,,
"CONSERVAS VEGETALES ALSUR","Ctra. Córdoba-Málaga Km. 520,8",29200,"Antequera","Málaga","Pareja Cruz","Francisco","952 840 762",,"952 840 624","alsur@alsurvegetales.com","www.alsurvegetales.com",6,"Conservas Vegetales: Habas fritas, Ensalada de pimiento, Judías verdes, Alcachofas, Espárrago triguero, Pimiento de piquillo, Espinaca, etc,…","Lata y cristal desde 80 gr. a 3 Kg., según producto.",2083
"CONSORCIO DE JABUGO","Isaac Newton, 3 3ª Planta Mod. A. Edif. Bluenet. Isla de la Cartuja.",41092,"Sevilla","Sevilla","Revilla Torres","José Antonio","955 024 694",,"955 024 695","iberico@consorciodejabugo.com","www.consorciodejabugo.com",13,"Productos derivados del cerdo ibérico: jamones y paletas, embutidos y carnes. Quesos de leche de oveja: cruda y pasteurizada.","Ibérico: Piezas o deshuesados y loncheados. Quesos: Piezas, cuñas y en Aceite de Oliva Virgen.",2057
"CONSORCIO DE JABUGO","Isaac Newton, 3 3ª Planta Mod. A. Edif. Bluenet. Isla de la Cartuja.",41092,"Sevilla","Sevilla","Revilla Torres","José Antonio","955 024 694",,"955 024 695","iberico@consorciodejabugo.com","www.consorciodejabugo.com",15,"Productos derivados del cerdo ibérico: jamones y paletas, embutidos y carnes. Quesos de leche de oveja: cruda y pasteurizada.","Ibérico: Piezas o deshuesados y loncheados. Quesos: Piezas, cuñas y en Aceite de Oliva Virgen.",2057
"CORSEVILLA","Ctra. de Guadalcanal, s/n, Km. 1",41370,"Cazalla de la Sierra","Sevilla","Olmo Gil","Héctor","954 884 286 / 954 889 400","660 489 463","954 889 805 / 954 883 406","queseria@corsevilla.es","www.corsevilla.es",15,"Quesos puros de cabra y productos del cerdo ibérico: jamones, paletas, lomo, lomito, salchichón, chorizo, morcón","Quesos: 0,8 kg., 1 kg. y 3 kg. para las piezas enteras. 0,5 kg. para las mitades, 0,7 kg. para las de Calidad Certificada. Todos envasados al vacío. Ibéricos: Al vacío - lomo, lomito, salchichón, chorizo, morcón. Piezas enteras de 1,5 kg. y mitades para el lomo; Piezas enteras de 1 kg. para el salchichón y chorizo, Piezas enteras de 0,4 kg. para el lomito, Piezas enteras de 1 kg. y mitades para el morcón.",2052
"CORSEVILLA","Ctra. de Guadalcanal, s/n, Km. 1",41370,"Cazalla de la Sierra","Sevilla","Olmo Gil","Héctor","954 884 286 / 954 889 400","660 489 463","954 889 805 / 954 883 406","queseria@corsevilla.es","www.corsevilla.es",13,"Quesos puros de cabra y productos del cerdo ibérico: jamones, paletas, lomo, lomito, salchichón, chorizo, morcón","Quesos: 0,8 kg., 1 kg. y 3 kg. para las piezas enteras. 0,5 kg. para las mitades, 0,7 kg. para las de Calidad Certificada. Todos envasados al vacío. Ibéricos: Al vacío - lomo, lomito, salchichón, chorizo, morcón. Piezas enteras de 1,5 kg. y mitades para el lomo; Piezas enteras de 1 kg. para el salchichón y chorizo, Piezas enteras de 0,4 kg. para el lomito, Piezas enteras de 1 kg. y mitades para el morcón.",2052
"COVAP","Mayor, 56",14400,"Pozoblanco","Córdoba","Salamanques","Arancha","957 473 035",,"957 479 924","comunicaciones@covap.es","www.covap.es",4,"Jamones ibéricos, embutidos, quesos, platos preparados","Jamones ibéricos de peso variable, Embutidos de 300/600/1200 gr., Quesos de 250/400/1000/3000 gr., Platos preparados: 300 gr.","2143-2144"
"COVAP","Mayor, 56",14400,"Pozoblanco","Córdoba","Salamanques","Arancha","957 473 035",,"957 479 924","comunicaciones@covap.es","www.covap.es",13,"Jamones ibéricos, embutidos, quesos, platos preparados","Jamones ibéricos de peso variable, Embutidos de 300/600/1200 gr., Quesos de 250/400/1000/3000 gr., Platos preparados: 300 gr.","2143-2144"
"COVAP","Mayor, 56",14400,"Pozoblanco","Córdoba","Salamanques","Arancha","957 473 035",,"957 479 924","comunicaciones@covap.es","www.covap.es",15,"Jamones ibéricos, embutidos, quesos, platos preparados","Jamones ibéricos de peso variable, Embutidos de 300/600/1200 gr., Quesos de 250/400/1000/3000 gr., Platos preparados: 300 gr.","2143-2144"
"CUYAR JABUGO","Marqués de Aracena,78",21360,"El Repilado - Jabugo","Huelva","Carrasco Granados","Manuel","959 122 612",,959122614,"cuyar@embutidosjabugo.com","www.embutidosjabugo.com",13,"Jamón ibérico, Embutidos ibéricos",,2090
"C.R.D.D.E.E. CABALLA Y MELVA DE ANDALUCÍA","Glorieta del Agua, 4 Edificio Aljamar Center 2ª Planta, Oficina 9",41940,"Tomares","Sevilla","Becerra Tey","Manuel","954 151 823","660 994 459","954 157 592","consejoregulador@caballaymelva.com","www.caballaymelvadeandalucia.org",6,"Conservas de pescado",,"2169-2176;2225-2232"
"C.R.D.O. ESTEPA","Pol.Ind. Sierra Sur Avda. del Mantecado, s/n (Apdo. Correos 181)",41560,"Estepa","Sevilla","Caballero Páez","Moisés","955 912 630",,"955 912 630","secretaria@doestepa.es","www.doestepa.es",1,"Aceite de Oliva Virgen Extra. Marcas Amparadas Oleoestepa y Puricon","5 l. lata y Pet.; 2,5 l. lata; 3 l. Pet; 1 l. lata y Pet; 500 ml. lata; 750 ml. cristal; 50 ml. cristal; 250 ml. Cristal","2169-2176;2225-2232"
"C.R.D.O.P. JAMÓN DE HUELVA","Plaza Doña Elvira, s/n",21200,"Aracena","Huelva","Pavón Domínguez","José Antonio","959 127 900",,"959 126 869","info@jamondehuelva.es","www.jamondehuelva.es",13,"Jamón y paleta con D.O.P. Jamón de Huelva","Un jamón de Huelva estará identificado con el precinto y vitola de la Denominación de Origen Protegida: SUMMUM, EXCELLENS, GRAN SELECCIÓN, SELECCIÓN.","2169-2176;2225-2232"
"C.R.D.O.P. PRIEGO DE CÓRDOBA","Avda. Niceto Alcalá Zamora, s/n. Parque Urbano Multiusos Niceto Alcalá Zamora. Pabellón de las Artes (Recinto Ferial) Apartado de correos 118",14800,"Priego de Córdoba","Córdoba","García González","Francisca","957 547 034",,"957 547 189","do@priegodecordoba.org","www.priegodecordoba.org",1,"Aceite de Oliva Virgen Extra amparados por la D.O.P. Priego de Córdoba.","Vidrio y lata.","2169-2176;2225-2232"
"C.R.D.D.O.O. CONDADO DE HUELVA Y VINAGRE DEL CONDADO DE HUELVA","Plaza Ildefonso Pinto, s/n",21710,"Bollullos del Condado","Huelva","de la Cruz Infante Escudero","Manuel","959 410 322",,"959 413 859","cr@condadodehuelva.es","www.condadodehuelva.es",16,,,"2169-2176;2225-2232"
"C.R.D.O. LOS PEDROCHES","Real, 6",14440,"Villanueva de Córdoba","Córdoba","Ortiz Pérez","Juan Luís","957 121 084",,"957 121 084","informacion@jamondolospedroches.es","www.jamondolospedroches.es",9,"Certificación de jamones y paletas ibéricos de Los Pedroches",,"2169-2176;2225-2232"
"C.R.D.O.CHIRIMOYA COSTA TROPICAL","Avda. Juan Carlos I. Edificio Estación",18690,"Almuñecar","Granada","Sanchez González","Antonio","958 635 865",,"958 639 201","chirimoya@crchirimoya.org","www.crchirimoya.org",7,"Chirimoya","Según petición de cliente y/o mercado. Se suele envasar en cajas de 40x30 con peso según el número de piezas (desde 6 piezas hasta 14 piezas) en caja de cartón con alveolo. También en packs de dos piezas.","2169-2176;2225-2232"
"I.G.P. ESPARRAGO DE HUÉTOR - TÁJAR","Ctra. de la Estación, s/n",18360,"Huétor - Tajar","Granada","Espejo Calvo","Juan Antonio","958 333 443","619 024 429","958 332 522","esparragodehuetortajar@andaluciajunta.es","www.esparragodehuetortajar.com",6,"Espárragos trigueros  de Huétor Tájar en fresco y en conserva acogidos a esta I.G.P. marca inscrita en la IGP Los Monteros. Empresa inscrita Centro Sur S. Coop. And.","Espárragos en conserva al natural y en Aceite de Oliva Virgen Extra. Formatos enteros delgados, cortos medios y delgados y cortados.","2169-2176;2225-2232"
"I.G.P. ESPARRAGO DE HUÉTOR - TÁJAR","Ctra. de la Estación, s/n",18360,"Huétor - Tajar","Granada","Espejo Calvo","Juan Antonio","958 333 443","619 024 429","958 332 522","esparragodehuetortajar@andaluciajunta.es","www.esparragodehuetortajar.com",7,"Espárragos trigueros  de Huétor Tájar en fresco y en conserva acogidos a esta I.G.P. marca inscrita en la IGP Los Monteros. Empresa inscrita Centro Sur S. Coop. And.","Espárragos en conserva al natural y en Aceite de Oliva Virgen Extra. Formatos enteros delgados, cortos medios y delgados y cortados.","2169-2176;2225-2232"
"I.G.P. ESPARRAGO DE HUÉTOR - TÁJAR","Ctra. de la Estación, s/n",18360,"Huétor - Tajar","Granada","Espejo Calvo","Juan Antonio","958 333 443","619 024 429","958 332 522","esparragodehuetortajar@andaluciajunta.es","www.esparragodehuetortajar.com",9,"Espárragos trigueros  de Huétor Tájar en fresco y en conserva acogidos a esta I.G.P. marca inscrita en la IGP Los Monteros. Empresa inscrita Centro Sur S. Coop. And.","Espárragos en conserva al natural y en Aceite de Oliva Virgen Extra. Formatos enteros delgados, cortos medios y delgados y cortados.","2169-2176;2225-2232"
"DIPUTACIÓN DE ALMERÍA","Hnos. Machado,27",4071,"Almería","Almería","Álvarez Fernández","Joaquín","950 211 394",,"954 021 1324","jgomezan@dipalme.org","www.dipalme.org",9,,,"2149-2154"
"ACEITE DE OLIVA VIRGEN EXTRA CASTILLO DE TABERNAS","Paseo de Almería, 1, 1º-4",4001,"Almería","Almería",,"Comerciales","950 272 888","615 464 234","950 621 203","info@cdtabernas.com","www.castillodetabernas.com",1,"Aceite de Oliva Virgen Extra Castillo de Tabernas, Aceite de Oliva Virgen Extra Indaloliva","Castillo de Tabernas en botella de cristal de 250 ml., 500 ml., 5000 ml. y lata de 5000 ml. Indaloliva en botella de cristal de 250 ml. y garrafa de plástico de 5000 ml.","2149-2154 (DIPUTACIÓN PROVINCIAL DE ALMERÍA)"
"BODEGA VIÑALMANZORA","Polígono La Zalea, Serón",4890,"Serón","Almería","Gea","Diego","609 436 248","609 436 248","950 421 202","diegogea@hotmail.com","www.viñalmanzora.es",16,"Vino tinto ""Dídacus"". Monovarietales Syrah, Tempranillos. Vino blanco ""Saetías"". Monovarietal Airén.","Envase vidrio de 0,75 cl. y en cajas de 6 unidades.","2149-2154 (DIPUTACIÓN PROVINCIAL DE ALMERÍA)"
"BODEGAS Y VIÑEDOS LAUJAR, S.A.T.","Almírez, 24",4470,"Laujar de Andarax","Almería","Bosquet","Gabriel","950 513 565","620 598 209","950 513 565","bvlaujar@hotmail.com","www.vinosdelaujar.es",16,"Cepa Bosquet Macabeo, Cepa Bosquet Chardonnay barrica, Cepa Bosquet Syrah Barrica, Cepa Bosquet barrica 2007, Cepa Coniní Brut Nature, Cepa Bosquet 5l. Tinto-Rosado","Botellas vidrio 75 cl. y bag in box de 5 l.","2149-2154 (DIPUTACIÓN PROVINCIAL DE ALMERÍA)"
"CAMPOS DE ULEILA","Ctra. Rambla del Mar, 15 - Pol. La Juaida",4240,"Viator","Almería","Hidalgo","Mariola","950 315 509","629 531 001","950 315 508","uleila@camposdeuleila.es / mhidalgo@camposdeuleila.es","www.camposdeuleila.es",1,"Aceite de Oliva Virgen Extra (Picual, Hojiblanca, Arbequina, Coupage, Ecológico)","Aceite de Oliva Virgen Extra 250 ml. Cristal (Picual, Arbequina, Hojiblanca, Coupage), Aceite de Oliva Virgen Extra 500 ml. Cristal (Coupage, Ecológico), Aceite de Oliva Virgen Extra Pet 1 l. - 5 l. Cristal (Coupage)","2149-2154 (DIPUTACIÓN PROVINCIAL DE ALMERÍA)"
"CONSORCIO ESPAÑOL DEL JAMÓN, S.L","Barriada de Canata, s/n",4890,"Serón","Almería","Rodríguez López","Francisco José","950 426 950","662 355 855","950 951 995","consorcio@jamones.es","www.jamones.es",13,"Jamón Serrano ""El Cortijo de Canata"", Jamón Ibérico ""El Cortijo de Canata"", Lomo al Romero ""El Cortijo de Canata""","Piezas con pata o bien deshuesadas envasadas al vacío y en paquetes de lonchas de 100 y 150 gr.","2149-2154 (DIPUTACIÓN PROVINCIAL DE ALMERÍA)"
"EMBUTIDOS PEÑACRUZ, S.L.","Huerta, 9",4890,"Serón","Almería","Cruz Pérez","Enrique","950 426 409","629 666 839","950 426 776","enriquecruz@embutidospcruz.com","www.embutidospcruz.com",13,"Embutidos cocidos y curados. Curados: Salchichones, longanizas, chorizos, lomo embuchado, lomo a la tabla, sabrasadas, etc. Cocidos: Blanquillo, morcilla, butifarra, morcón, relleno, queso de cerdo, salchichón cocido, etc. Todos productos artesanos tradicionales.","Productos envasados al vacío o bien en atmósfera protegida. El formato varía en función del tipo de embutidos. Se pueden presentar a granel o en bandejas termoselladas o al vacío y de forma individual.","2149-2154 (DIPUTACIÓN PROVINCIAL DE ALMERÍA)"
"JAMONES DE SERON CHECA, S.L.","Avda. Lepanto, 2",4890,"Serón","Almería","Checa","Manuel","950 426 329",,"950 426 352","info@jamonesdeseroncheca.com","www.jamonesdeseroncheca.com",13,"Jamón serrano",,"2149-2154 (DIPUTACIÓN PROVINCIAL DE ALMERÍA)"
"JAMONES SEGURA DE SERON","Avda. Lepanto, 61",4890,"Seron","Almería","Segura","Luis","950 426 151",,"950 426 902","seron@jamonessegura.com","www.jamonessegura.com",13,"Jamón serrano e ibérico de curación natural.","Jamón entero, Jamón deshuesado, Jamón lancheado","2149-2154 (DIPUTACIÓN PROVINCIAL DE ALMERÍA)"
"S.A.T. CÍTRICOS DEL ANDARAX","Paraje Llano el Ron, s/n",4560,"Gádor","Almería","Carmona Marquez","Javier","950 646 020",,"950 645 331","jcarmona@citricosdelandaraxsat.com","www.citricosdelandaraxsat.com",14,"Cítricos y zumos de cítricos ecológicos","Cítricos en fresco (cartón, girsack y corbata). Zumos de cítrico (1/4 l., 1/2 l. 1l. y 2 l.)","2149-2154 (DIPUTACIÓN PROVINCIAL DE ALMERÍA)"
"TETAS DE LA SACRISTANA","Barco, 52",4479,"Fuente Victoria, Fondon","Almería","López Pomedio","José","950 513 186","609 441 763","950 513 186","bodega@selecciondevinos.com","www.selecciondevinos.com",16,"Vino Tetas de la Sacristana Selección, Tetas de la Sacristana Cabernet Sauvignon Ben-Zuaique Barrica, Ben-Zuaique Tinto Selección, Ben-Zuaique Blanco Selección, Ben-Zuaique Blanco Marcelo.","Botella 75 cc.","2149-2154 (DIPUTACIÓN PROVINCIAL DE ALMERÍA)"
"TOMATE LA CAÑADA NÍJAR","Ctra. de Ronda, 11-Bajo",4004,"Almería","Almería","Muñoz Fernández","Cristóbal José","950 280 380",,"950 281 331","tomate-lcn@agrocolor.es","www.elprimertomate.com",7,"Tomate","Envases de cartón: (40x30x14) y (60x40x9). Envases de plástico.","2149-2154 (DIPUTACIÓN PROVINCIAL DE ALMERÍA)"
"DIPUTACIÓN PROVINCIAL DE JAÉN","Plaza de San Francisco, s/n",23071,"Jaén","Jaén","Vera Márquez","Manuel","953 248 000",,"953 248 030","aceitedeoliva@promojaen.es","www.dipujaen.es",9,,,"2043-2048;2099-2104 (DIPUTACIÓN PROVINCIAL DE JAÉN)"
" ACEITES GUADALENTIN, S.L.","Avda. Virgen de los Dolores, 45",23485,"Pozo Alcón","Jaén","Gámez Moreno","Virgilio","953 738 035","677 461 173","953 738 447","vg@aceitesguadalentin.com","www.aceitesguadalentin.com",1,"Aceite de Oliva Virgen Extra. Cosméticos naturales de Aceite de Oliva. Monodosis Aceite de Oliva y Vinagre (Sector Horeca)","Pet 5, 2, 1 l. Cristal: 1, 3/4, 1/2, 1/4 l. Monodosis 20 y 10 ml. Pack hostelería. Jabones","2043-2048;2099-2104 (DIPUTACIÓN PROVINCIAL DE JAÉN)"
"ACEITES SAN ANTONIO","Plaza Constitución, 4 - 1ª Planta",23001,"Jaén","Jaén","Gavilán Linares","Isidro J.","953 190 700",,"953 243 923","info@aceitessanantonio.com","www.aceitessanantonio.com",1,"Aceite de Oliva Virgen Extra ""Cortijo La Torre Premium""; Aceite de Oliva Virgen Extra ""Torreluna Selección""; Aceite de Oliva Virgen Extra ""Cortijo el Obispo""","Botellas de 500 cc. y 250 cc.; Garrafas pet 5 lts.","2043-2048;2099-2104 (DIPUTACIÓN PROVINCIAL DE JAÉN)"
"ALMAZARA SAN PABLO","Crtra. Madrid-Cádiz, Km. 294,5 (Travesía Bailén)",23710,"Bailén","Jaén","Padilla García","Pablo","953 670 517","625 315 290","953 670 517","ventas@aceitespadilla.com","www.aceitespadilla.com/.es",1,"Padilla Oliva Bio (aceite ecológico); Padilla 1808 un aceite convencional","Diferentes envases en lata, vidrio, pet, etc,...; Lata 5 l., Lata 3l., Lata 1l., Vidrio 500 ml., 750 ml., 250 ml., 100 ml., 50 ml.; Pet 5l., 3l., 2l., 1l.","2043-2048;2099-2104 (DIPUTACIÓN PROVINCIAL DE JAÉN)"
"BODEGAS MARCELINO SERRANO","Avda. de Iberoamérica, 27 Bajo",23680,"Alcalá la Real","Jaén","Serrano Serrano","Blanca María","953 585 380","647 626 955","953 585 380","info@marcelinoserrano.com","www.marcelinoserrano.com",16,"Vinos de mesa y con indicación geográfica blancos, rosados, tintos cosecha y con envejecimiento. Marcas: ""Marcelino Serrano"", ""Glosa"", ""Blanca María"", ""Privilegio Reyes Católicos"".","Botellas de 0, 75 l. de capacidad y 0,375 l.","2043-2048;2099-2104 (DIPUTACIÓN PROVINCIAL DE JAÉN)"
"CÁRNICAS J. CHICA, S.L.","Pol.Ind. Los Olivares. C/Escañuela. Parc. 31",23009,"Jaén","Jaén","Chica Fuentes","José Manuel","953 281 049","629 578 013","953 249 996","josem.chica@carnicaschica.com","www.carnicaschica.com",13,"Cabrito, cordero, lechal y cochillo. Producto fresco, congelado y en atmósfera controlada","Piezas individuales y formatos de hostelería","2043-2048;2099-2104 (DIPUTACIÓN PROVINCIAL DE JAÉN)"
"CÁRNICAS SIERRA DE CAZORLA","Camino Real, s/n",23477,"Chilluévar","Jaén","Jódar","Juan José","953 717 080","620 234 995","953 717 156","atencionalcliente@carnicascazorla.com","www.carnicascazorla.com",4,"Patés (perdiz, jabalí, morcilla, ciervo, faisán, pintada,..); Platos preparados de  alta gama (Flan de Manitas, Timbal de Rabo de Toro, Carrillada con habitas,...), y embutidos (morcilla, chorizo, caldera, relleno, butifarra,...)","Nuestros patés y platos preparados están envasados en tarros de cristal de varios formatos. Los platos preparados y patés esterilizados tienen una caducidad de 18 meses, en la de los patés refrigerados es de 6 meses.","2043-2048;2099-2104 (DIPUTACIÓN PROVINCIAL DE JAÉN)"
"CÁRNICAS SIERRA DE CAZORLA","Camino Real, s/n",23477,"Chilluévar","Jaén","Jódar","Juan José","953 717 080","620 234 995","953 717 156","atencionalcliente@carnicascazorla.com","www.carnicascazorla.com",13,"Patés (perdiz, jabalí, morcilla, ciervo, faisán, pintada,..); Platos preparados de  alta gama (Flan de Manitas, Timbal de Rabo de Toro, Carrillada con habitas,...), y embutidos (morcilla, chorizo, caldera, relleno, butifarra,...)","Nuestros patés y platos preparados están envasados en tarros de cristal de varios formatos. Los platos preparados y patés esterilizados tienen una caducidad de 18 meses, en la de los patés refrigerados es de 6 meses.","2043-2048;2099-2104 (DIPUTACIÓN PROVINCIAL DE JAÉN)"
"COBIOSUR","Juan Carlos I, 9",23200,"La Carolina","Jaén","Gómez Montiel","Antonio","953 680 084","605 347 268 / 630 252 254","953 680 084","cobiosur@hotmail.com",,13,"Carne ecológica de cordero, ternera y cabrito, producida en la provincia de Jaén","Envasado al vacío o en atmósfera controlada, en paquetes de aproximadamente 1 kg., y perfectamente despiezado: pierna, paletilla, costilla falda y cuello en el caso del cordero, y solomillo, entrecot, tapa, etc,..","2043-2048;2099-2104 (DIPUTACIÓN PROVINCIAL DE JAÉN)"
"HACIENDA LA LAGUNA, S.L.","Camino de La Laguna, s/n",23529,"Baeza","Jaén","Hermsdorf","Isabel","953 765 100 (ext. 12)","618 653 807","953 765 106","export@aceiteslaguna.com","www.aceiteslaguna.com",1,"Fabricación y venta de Aceites de Oliva Virgen Extra de primera presión en frio. Variedades Picual, Arbequina y Manzanilla. Elaboración de nuestra propia Linea Gourmet Coupage Virgen Extra, mezcla de las tres variedades anteriores.","Con una amplia variedad de embotellado, envasamos desde 20 ml. hasta 1l. en cristal, de 500 ml., 1, 2 y 5 l. en latas de Metal y de 1,2 y 5 l. en PET (plástico).","2043-2048;2099-2104 (DIPUTACIÓN PROVINCIAL DE JAÉN)"
"LA TIENDA DEL ACEITE DE JAÉN","Antigua Ctra. de Martos, PK 1,7",23160,"Los Villares","Jaén","Gallardo Jiménez","Luis","953 321 004",,,"almazarajimenez@yahoo.es","www.tiendadelaceite.com",1,"Aceite de Oliva Virgen Extra","5 l., 2 l., 1 l. en pet; 750, 500,250,175,100,40 ml. en vidrio.","2043-2048;2099-2104 (DIPUTACIÓN PROVINCIAL DE JAÉN)"
"OLIVADOL","Ctra. de Santo Tomé, Km. 1",23469,"El Molar - Cazorla","Jaén","Humanez","Manuela","953 730 733",,"953 731 973","vado-olivo@agrisanriegos.es",,1,"Aceite","5 l. en pet, 750 ml., 500 ml. y 250 ml. en cristal","2043-2048;2099-2104 (DIPUTACIÓN PROVINCIAL DE JAÉN)"
"O-MED ACEITE DE OLIVA VIRGEN EXTRA","Avda. de Andalucía, s/n",23110,"Pegalajar","Jaén","García","Paula","699 313 240","699 313 240","952 583 686","pgarcia@omedoil.com","www.omedoil.com",1,"Aceite de Oliva Virgen Extra, Vinagre de Vino Charodonnay, Flor de sal.","Aceite de Oliva Virgen Extra: botella 500 ml., lata 250 y 1000 ml., Vinagre de vino Chardonnay: 500 ml., Flor de sal: 100 y 200 gr.","2043-2048;2099-2104 (DIPUTACIÓN PROVINCIAL DE JAÉN)"
"ORO BAILÉN RESERVA FAMILIAR","Ctra. de Plomeros (Casa del Agua)",23730,"Villanueva de la Reina","Jaén","Gálvez González","José","953 548 038","675 732 323","953 548 038","info@orobailen.com","www.orobailen.com",1,"Aceite de Oliva Virgen Extra","Envase de cristal oscuro en: 250 ml., 500 ml. y 750 ml.","2043-2048;2099-2104 (DIPUTACIÓN PROVINCIAL DE JAÉN)"
"PATATAS FRITAS SANTO REINO","Crtra. de Granada, Km. 40 A",23080,"Jaén","Jaén","Francisco","Gutiérrez Expósito","953 239 468","649 285 494","953 245 140","santoreino@amconta.com","www.santoreino.com",7,"Patatas fritas y frutos secos","Patatas fritas. Varios formatos; Frutos secos. Bolsa 200 gr.; Snacks. Varios formatos.","2043-2048;2099-2104 (DIPUTACIÓN PROVINCIAL DE JAÉN)"
"PATATAS FRITAS SANTO REINO","Crtra. de Granada, Km. 40 A",23080,"Jaén","Jaén","Francisco","Gutiérrez Expósito","953 239 468","649 285 494","953 245 140","santoreino@amconta.com","www.santoreino.com",10,"Patatas fritas y frutos secos","Patatas fritas. Varios formatos; Frutos secos. Bolsa 200 gr.; Snacks. Varios formatos.","2043-2048;2099-2104 (DIPUTACIÓN PROVINCIAL DE JAÉN)"
"S.C.A. TRUJAL DE MÁGINA","Paraje Llanos de Ochoa, s/n",23120,"Cambil","Jaén","Guzmán","Antonio","953 300 567","626 022 200","953 300 567","info@scatrujaldemagina.com","www.scatrujaldemagina.com",1,"Aceite de Oliva Virgen Extra Ecológico y Convencional. Marcas: ""Verde Salud"" Ecológico, ""Castillo de Alhabar"" Convencional","Latas 5-2,5 y 1 l.; Garrafa Pet 5 l.; Bot. 1l. Pet; Bot. cristal 750, 500, 250 ml.","2043-2048;2099-2104 (DIPUTACIÓN PROVINCIAL DE JAÉN)"
"TATIS","Alemania, s/n (P.I. La Aquisgrana)",23200,"La Carolina","Jaén","Rodríguez Cortés","Gracia","953 680 580","651 983 938","953 660 525","info@tatisgourmet.com","www.tatisgourmet.com",2,"Aceitunas, encurtidos y banderillas","Formato Galón PET y/o cristal 5 Kgs., Tarrina PET 1,100 kgs. Tarro cristal H-65 400 grs, Mini cristal 200 grs. Versión corta: PET y/o cristal en formato galón, Tarrina H-65 y mini.","2043-2048;2099-2104 (DIPUTACIÓN PROVINCIAL DE JAÉN)"
"TUCCIOLIVA","Príncipe Felipe, 20",23600,"Martos","Jaén","Garrido Jiménez","Ángel","953 550 057","677 551 080","953 550 057","amadorsca@teleline.es","www.amadorsca.es",1,"Aceite de Oliva Virgen Extra","750 c.c. Bot. Vidrio - 500 c.c. Vidrio - 700 c.c. Vidrio","2043-2048;2099-2104 (DIPUTACIÓN PROVINCIAL DE JAÉN)"
"UNIOLIVA","Córdoba, 9",23400,"Úbeda","Jaén","Guzmán de la Roza","Antonio","953 756 840",,"953 758 121","almazara@unioliva.es","www.unioliva.es",1,"Aceite de Oliva Virgen Extra, Aceite de Oliva Virgen Extra Saborizado, Aceite de Oliva; Aceite de Orujo de Oliva, Vinagre de Jerez",,"2043-2048;2099-2104 (DIPUTACIÓN PROVINCIAL DE JAÉN)"
"DUENDESOL","Ctra. Almedinilla-Fuente Tójar, s/n",14812,"Almedinilla","Córdoba","Millán Aranda","José Luis","957 117 273","667 499 840","957 703 445","jlma@gecoem.com",,4,"Mayonesa, salsa fina, ketchup, mostaza, salsas frías, salsas calientes y platos preparados","Plástico 300 gr/ml, Vidrio 450/225 ml., Monodosis, Formatos industriales",2195
"E. MORENO","Avda. de Andalucía, 65",41560,"Estepa","Sevilla","Espinosa de los Monteros","Pilar","955 912 696",,"955 912 908","exportacion@emoreno.com","www.emoreno.com",11,"Mantecados, Polvorones, Mazapanes, Turrones, Bombones","Envases de plástico o cartón. Varios tipos de formatos, desde 80 gr. hasta 5000 gr.",2142
"EBRO PULEVA, S.A.","Real, 43",41920,"San Juán de Aznalfarache","Sevilla","Pardo","José Luis","954 589 200",,"954 769 579","joseluis.pardo@herba.es","www.ebropuleva.com",4,"Arroz, pastas, pastas cocinadas, biscotes, sémolas, harinas, purés, trigo tierno, leches enriquecidas (Omega 3, calcio) leche UHT (entera, semi y desnatada), batidos, alimentación infantil (leche crecimiento, papillas), nata, mantequilla.","150, 250 gr., 500 gr. 1Kg., 2 Kg. 5 Kg. (cartón, papel, plástico); 175 ml., 200 ml., 500 ml., 750 ml., 900 gr., 1l. (brik, lata, papel, botella)","2163-2166"
"EBRO PULEVA, S.A.","Real, 43",41920,"San Juán de Aznalfarache","Sevilla","Pardo","José Luis","954 589 200",,"954 769 579","joseluis.pardo@herba.es","www.ebropuleva.com",15,"Arroz, pastas, pastas cocinadas, biscotes, sémolas, harinas, purés, trigo tierno, leches enriquecidas (Omega 3, calcio) leche UHT (entera, semi y desnatada), batidos, alimentación infantil (leche crecimiento, papillas), nata, mantequilla.","150, 250 gr., 500 gr. 1Kg., 2 Kg. 5 Kg. (cartón, papel, plástico); 175 ml., 200 ml., 500 ml., 750 ml., 900 gr., 1l. (brik, lata, papel, botella)","2163-2166"
"EBRO PULEVA, S.A.","Real, 43",41920,"San Juán de Aznalfarache","Sevilla","Pardo","José Luis","954 589 200",,"954 769 579","joseluis.pardo@herba.es","www.ebropuleva.com",10,"Arroz, pastas, pastas cocinadas, biscotes, sémolas, harinas, purés, trigo tierno, leches enriquecidas (Omega 3, calcio) leche UHT (entera, semi y desnatada), batidos, alimentación infantil (leche crecimiento, papillas), nata, mantequilla.","150, 250 gr., 500 gr. 1Kg., 2 Kg. 5 Kg. (cartón, papel, plástico); 175 ml., 200 ml., 500 ml., 750 ml., 900 gr., 1l. (brik, lata, papel, botella)","2163-2166"
"EL TÍO LAS PAPAS","La Cruz,48",29328,"Sierra de Yeguas","Málaga","Conde Caro","Manuel","952 746 571",,"952 746 571","info@eltiodelaspapas.com","www.eltiodelaspapas.com",10,"Patatas Fritas, Cocktail, Cortezas, Patatas light, Ruedas","Patatas fritas (280 gr. - Cajas de 10 bolsas,  150 gr.- Cajas de 10 bolsas, 1000 gr. - Cajas de 3 bolsas); Cocktail (80 gr. - Cajas de 10 bolsas); Cortezas (80 gr. - Cajas de 10 bolsas); Patatas Light (100 gr. - Cajas de 10 bolsas); Ruedas (80 gr. - Cajas de 10 bolsas)",2051
"FACOPE","Prolongación Muelle Pesquero, 261-262",11201,"Algeciras","Cádiz","Fernández Muñoz","Nicolás","956 587 402","666 400 680","956 666 798","info@and-cofrad-pesca.com",,12,"Agrupamos la mayoría de las lonjas de Andalucía que comercializan los productos pesqueros de primera venta y que tienen marcas distintivas de calidad y promoción, incluidas aquellas con la Calidad Certificada de Andalucía.",,2031
"FEDERACIÓN  ANDALUZA DE COMPRADORES DE PESCADOS EN LONJA - FEDACOPESCA","Aguilar, 16",21410,"Isla Cristina","Huelva","Cordero Orta (presidente)","Carmelo","959 332 902","629 576 637","959 332 902","fedacopesca@fedacopesca.es","www.fedacopesca.es",9,12,,2202
"FEDERACIÓN  ANDALUZA DE COMPRADORES DE PESCADOS EN LONJA - FEDACOPESCA","Aguilar, 16",21410,"Isla Cristina","Huelva","Cordero Orta (presidente)","Carmelo","959 332 902","629 576 637","959 332 902","fedacopesca@fedacopesca.es","www.fedacopesca.es",12,12,,2202
"GOBIERNO DE CANTABRIA-CONSEJERÍA DE DESARROLLO RURAL, GANADERÍA, PESCA Y BIODIVERSIDAD","Héroes del 2 de Mayo, s/n",39600,"Muriedas","Cantabria","Mier Lobato","Fernando","942 269 855",,"942 269 856","demier_f@odeca.es","www.odeca.com",9,,,"2117-2120"
"HEINEKEN ESPAÑA, S.A.","Avda. Andalucia,1",41007,"Sevilla","Sevilla","Jiménez","Armando",,"629 562 076",,"armando.jimenez@heineken.es","www.cruzcampo.es",5,"Cerveza",,"2014-2017"
"HERME ORTIZ","Juan de Ledesma, 35",41006,"Sevilla","Sevilla","Ortíz Molina","Francisco","902 223 212",,"954 934 304","francisco.gonzalez@hermeortiz.com","www.hermeortiz.com",12,"Gran variedad en pescado fresco, congelado, envasado y seco.","Formatos varios.",2201
"HERPAC","Hermanos Romero Abreu, 3",11160,"Barbate","Cádiz","Vázquez Varo","José Mª","956 430 746","670 875 332","956 433 520","herpac@herpac.com","www.herpac.com",3,"Salazones (Mojama e ijada de atún rojo y yellowfin, bonito, huevas variadas y sarda), Ahumados (salmón, bacalao y atún) y Conservas (atún rojo y yellowfin, melva canutera,...)","Salazones y ahumados: Vacío (peso variable) y tarrinas (300, 700 y 1000 gr.) cuando van con aceite. Conservas: Tarros de cristal (200 g.) y latas (RO-Variables)",2086
"HERPAC","Hermanos Romero Abreu, 3",11160,"Barbate","Cádiz","Vázquez Varo","José Mª","956 430 746","670 875 332","956 433 520","herpac@herpac.com","www.herpac.com",4,"Salazones (Mojama e ijada de atún rojo y yellowfin, bonito, huevas variadas y sarda), Ahumados (salmón, bacalao y atún) y Conservas (atún rojo y yellowfin, melva canutera,...)","Salazones y ahumados: Vacío (peso variable) y tarrinas (300, 700 y 1000 gr.) cuando van con aceite. Conservas: Tarros de cristal (200 g.) y latas (RO-Variables)",2086
"HERPAC","Hermanos Romero Abreu, 3",11160,"Barbate","Cádiz","Vázquez Varo","José Mª","956 430 746","670 875 332","956 433 520","herpac@herpac.com","www.herpac.com",6,"Salazones (Mojama e ijada de atún rojo y yellowfin, bonito, huevas variadas y sarda), Ahumados (salmón, bacalao y atún) y Conservas (atún rojo y yellowfin, melva canutera,...)","Salazones y ahumados: Vacío (peso variable) y tarrinas (300, 700 y 1000 gr.) cuando van con aceite. Conservas: Tarros de cristal (200 g.) y latas (RO-Variables)",2086
"HERPAC","Hermanos Romero Abreu, 3",11160,"Barbate","Cádiz","Vázquez Varo","José Mª","956 430 746","670 875 332","956 433 520","herpac@herpac.com","www.herpac.com",12,"Salazones (Mojama e ijada de atún rojo y yellowfin, bonito, huevas variadas y sarda), Ahumados (salmón, bacalao y atún) y Conservas (atún rojo y yellowfin, melva canutera,...)","Salazones y ahumados: Vacío (peso variable) y tarrinas (300, 700 y 1000 gr.) cuando van con aceite. Conservas: Tarros de cristal (200 g.) y latas (RO-Variables)",2086
"HUERTA DE ALBALA","Ctra-CA 6105 Km. 4",11630,"Arcos de la Frontera","Cádiz","Luca de Tena","Javier","647 746 047","647 746 048 / 647 746 047","856 023 053","j.lucadetena@huertadealbala.com","www.huertadealbala.com",16,"Vinos Tintos: Taberner 2006, Taberner nº 1 2006 y Barbazul; Vinos Rosado: Barbarosa 2008 y Taberner Rosado","Taberner y Barbazul: En cajas de 6 y 12 botellas, botella de vidrio 75 cl. Taberner nº 1 2006, Barbarosa y Taberner rosado: Caja de 6 botellas, botella vidrio 75 cl.",2025
"I.A. MARCIENSE, S.A.","Travesía San Ignacio, s/n",41620,"Marchena","Sevilla","Ponce","Joaquín","955 845 400",,"955 846 484","iamar@marciense.es","www.marciense.es",2,"Aceitunas verdes: enteras, deshuesadas, en rodajas y rellenas de pimiento, almendra y anchoa. Aceitunas negras: enteras, deshuesadas y en rodajas / Green olives: plain, pitted, sliced and stuffed with pepper, almond and anchovy. Black olives: plain, pitted and sliced.","Envasadas en frascos y latas de diversos tamaños / Packed in jars and tins of different sizes.",2192
"IBESA (IBÉRICO DE BELLOTA, S.A.)","Pol. Ind. Cárnico, s/n",14440,"Villanueva de Córdoba","Córdoba","Blanco","Alfonso","957 122 000",,"957 121 981","info@ibesa.es","www.ibesa.es",3,"Jamón ibérico de bellota, paleta, embutidos, caña de lomo, carnes (todo ibérico de bellota)","Envases individuales pieza por pieza, loncheados y loteados.",2214
"IBESA (IBÉRICO DE BELLOTA, S.A.)","Pol. Ind. Cárnico, s/n",14440,"Villanueva de Córdoba","Córdoba","Blanco","Alfonso","957 122 000",,"957 121 981","info@ibesa.es","www.ibesa.es",13,"Jamón ibérico de bellota, paleta, embutidos, caña de lomo, carnes (todo ibérico de bellota)","Envases individuales pieza por pieza, loncheados y loteados.",2214
"INDUSTRIAS CÁRNICAS CAMPOREAL","Arquitectura, 3 Torre 7 Plta. 11, Mod. 1-2",41015,"Sevilla","Sevilla","Ramblado Romero","José J.","954 311 334","689 414 329","954 311 333","jjramblado@camporeal.eu","www.camporeal.eu",13,"Carne de cerdo blanco, en canal, despieces y todos sus derivados y distintas presentaciones.","En Canal, despieces a granel, embarquetados y al vacío.",2082
"INÉS ROSALES","P.E. Vereda de la Herrería, s/n (Fábrica) / (Razón social: Real, 97 41950 Castilleja de la Cuesta, Sevilla)",41830,"Huevar de Aljarafe","Sevilla","Sánchez","Beatriz","954 756 427","670 409 089","954 756 335","grupo@inesrosales.com","www.inesrosales.com",11,"Tortas de aceite, Tortas de polvorón, Cortadillos, Hojaldrinas, Pestiños Azucar / Miel. Tortas de aceite de 3 nuevas variedades: - Seville Orange (Naranja de Sevilla), - Rosemary & Thyme (Romero & Tomillo), - Sesame & Sea Salt (Salada)",,"2023-2024"
"JAMONES LAZO","Avda. Portugal, 6",21230,"Cortegana","Huelva","Lahore Bravo","Augusto","959 131 560",,"959 131 869","alahore@jamoneslazo.com","www.jamoneslazo.com",13,,,"2135;2138"
"LA ALMADRABA","Luís de Morales, 32 Planta 3ª Mod. 31",41018,"Sevilla","Sevilla","Santos","Ana","954 987 938",,"954 988 692","anasantos@atundealmadraba.com","www.almadrabasandaluzas.com",12,"Atún rojo de Almadraba","En fresco y congelado en cualquier tipo de envase al por mayor y al por menor","2088-2089"
"LA CHANCA - SALPESCA, S.L.","P.I. El Olivar Parcela, 3",11160,"Barbate","Cádiz","Gómez","José Luis","956 435 805 / 956 430 979",,"956 431 553","salpesca@salpesca.com","www.salpesca.com",6,"Salazones, conservas y ahumados","Conservas en envases de vidrio y metal de diferentes formatos.",2211
"LANDALUZ ASOCIACIÓN EMPRESARIAL DE LA CALIDAD CERTIFICADA","Avda. de Grecia, 8",41012,"Sevilla","Sevilla","de Porres","Juan","954 234 849","600 539 553","954 623 206","comunicacion@landaluz.es","www.landaluz.es",9,,,"2107-2112"
"LOS ALCALAREÑOS","Mascareta, 53",41940,"Tomares","Sevilla","Gómez Soriano","Juan Antonio","954 150 198",,"954 150 198","yeye@losalcalarenos.e.telefonica.net",,8,"Taquitos de jamón: ibéricos y serranos. Somos también distribuidores de ibéricos y productos Gourmet.","100 gr. para particulares - 250 gr. y 2000 gr. para la hostelería. Tarros de cristal en aceite de 90 gr. y 140 gr.","2037;2040"
"LOS ALCALAREÑOS","Mascareta, 53",41940,"Tomares","Sevilla","Gómez Soriano","Juan Antonio","954 150 198",,"954 150 198","yeye@losalcalarenos.e.telefonica.net",,8,"Taquitos de jamón: ibéricos y serranos. Somos también distribuidores de ibéricos y productos Gourmet.","100 gr. para particulares - 250 gr. y 2000 gr. para la hostelería. Tarros de cristal en aceite de 90 gr. y 140 gr.","2037;2040"
"LOS ALCALAREÑOS","Mascareta, 53",41940,"Tomares","Sevilla","Gómez Soriano","Juan Antonio","954 150 198",,"954 150 198","yeye@losalcalarenos.e.telefonica.net",,13,"Taquitos de jamón: ibéricos y serranos. Somos también distribuidores de ibéricos y productos Gourmet.","100 gr. para particulares - 250 gr. y 2000 gr. para la hostelería. Tarros de cristal en aceite de 90 gr. y 140 gr.","2037;2040"
"MARE NOSTRUM","Ctra.Castiblanco-Almadén, Km. 2,6",41230,"Castilblanco de los Arroyos","Sevilla","Orzaez Gálvez","María","955 734 889",,"955 734 889","maria@lacteos-mare-nostrum.com","www.lacteos-mare-nostrum.com",15,"Castilblanco Capri Afinado, Capri Ceniza Afinado, Capri al Cuadrado Afinado, Flor d'argent, Capri Lavande Afinado, Castilblanco Dedal, Castilblanco Flor","Formatos entre 20 y 450 grs.",2194
"MARISCOS CASTELLAR","Pol. Ind. El Condado Ctra. Linares/Orcera Km. 50",23260,"Santisteban del Puerto","Jaén","García Calero","Josefina","953 401 593",,"953 402 779","info@mariscoscastellar.es","www.mariscoscastellar.es",3,"Cocedero de mariscos y distribución de productos congelados: langostino, gamba, cigalas, mariscadas cocidas, navajas, almejas, todo tipo de pescados, carnes, verduras y precocinados congelados","Formatos para hostelería y para alimentación. Envases muy cuidados en presentación de producto.",2056
"MARISCOS FRESCOHUELVA","Lonja Pescadería, Mod. 83/84/91",21001,"Huelva","Huelva","González López","Patrocinio","959 259 881","647 308 032","959 250 857","patrogonzalez@frescohuelva.com","www.frescohuelva.com",12,12,,2215
"MARISCOS MÉNDEZ","Polg. Pesquero Norte, s/n",21002,"Huelva","Huelva","Salas Macías","Antonio J.","959 281 785",,"959 541 907","info@mariscosmendez.com","www.mariscosmendez.com / www.productosbrisamar.com",3,"Marisco fresco elaborado y cocido, Marisco congelado, Productos en semiconservas, Productos precocinados en frescos",,2032
"MARISCOS MÉNDEZ","Polg. Pesquero Norte, s/n",21002,"Huelva","Huelva","Salas Macías","Antonio J.","959 281 785",,"959 541 907","info@mariscosmendez.com","www.mariscosmendez.com / www.productosbrisamar.com",12,"Marisco fresco elaborado y cocido, Marisco congelado, Productos en semiconservas, Productos precocinados en frescos",,2032
"MARKA'S ESTUCHES Y CAJAS FORRADAS, S.L.","P. E. Venta Martín, Nave 1",11600,"Ubrique","Cádiz","Jiménez Millán","María G.","956 460 483","699 037 263","956 461 819","comercial@marka-s.com","www.marka-s.com",8,"Estuches y cajas forradas. Bolsas de lujo.","Dedicada a la fabricación de estuches de lujo, cajas y envases en general. Totalmente personalizados y a medida. Creando una nueva imagen atractiva de cara al consumidor final.",2001
"OLEOCAMPO","Avda. Constitución, 101",23640,"Torre del Campo","Jaén","Martínez Díaz","Manuel","953 410 111",,"953 415 164","info@oleocampo.com","www.oleocampo.com",1,"Aceite de Oliva Virgen Extra. Marcas comerciales: Fruto del Sur, Oleocampo, Esencia del Sur, Torre Sur.","Formatos de vidrio desde 100 ml., 250 ml., 500 ml., 750 ml. y 1 l.; Formatos de 1 l., 2 l. 3 l. y 5 l.Pet. Monodosis y miniaturas de 20 ml. y 25 ml. Formatos de 3 l. y 5 l. lata.",2087
"OLEUM VIRIDE","Alta, 10",11688,"Zahara de la Sierra","Cádiz","M. Nazareno","Leonardo","956 326 794","609 581 261","956 326 795","export@oleumviride.com","www.oleumviride.com",1,"Aceite de Oliva Virgen Extra Ecológico / Organic Extra Virgin Olive Oil, Sello Ecológico / Organic Seal: CAAE, NOP / USDA","500 ml. & 250 ml. botellas en estuches / bottles in cases & bolsas de papel / paper bag",2141
"OPP 51","Rec. Int. Zona Franca - Edificio Melkart, 22 B",11011,"Cádiz","Cádiz","Concepción Toscano","Antonio","956 205 685",,"956 205 687","admon@asemaonline.com","www.doradadecrianzadelsur.com",9,"Dorada de crianza del Sur, Dorada de crianza de Calidad Certificada, Pescado de Estero",,"2193; 2196; 2197"
"OPP 51","Rec. Int. Zona Franca - Edificio Melkart, 22 B",11011,"Cádiz","Cádiz","Concepción Toscano","Antonio","956 205 685",,"956 205 687","admon@asemaonline.com","www.doradadecrianzadelsur.com",12,"Dorada de crianza del Sur, Dorada de crianza de Calidad Certificada, Pescado de Estero",,"2193; 2196; 2197"
"OROBAENA, S.A.T.","Ctra. A-305 (Baena Albendín), Km. 58,200",14850,"Baena","Córdoba","Piedrahita Toro","Manuel","957 670 706",,"957 691 807","orobaena@wanadoo.es","www.orobaena-sat.com",1,"Aceite de Oliva Virgen Extra con Denominación Origen Baena. Aceite de Oliva Extra ""Deshuesado"" con Denominación Origen Baena.","Lata de 5 l. marca Orobaena (D.O. Baena), Botella de 0,5 l. marca OroBaena (D.O. Baena), Botella de 0,5 l. marca OroNovus (procedente de aceituna previamente deshuesada) (D.O. Baena). Garrafa Pet de 5 l. marca Orbasat.",2199
"PARQUE NATURAL DE ANDALUCÍA","Johan G.Gutenberg, s/n Edif. Kuwait",41092,"Sevilla","Sevilla","Chacón","Mª Dolores","950 393 602",,"950 391 218","fasepan@marcaparquenatural.com","www.marcaparquenatural.com",1,"Productos agroalimentarios elaborados en parques naturales de andalucía",,"2026-2027"
"PARQUE NATURAL DE ANDALUCÍA","Johan G.Gutenberg, s/n Edif. Kuwait",41092,"Sevilla","Sevilla","Chacón","Mª Dolores","950 393 602",,"950 391 218","fasepan@marcaparquenatural.com","www.marcaparquenatural.com",5,"Productos agroalimentarios elaborados en parques naturales de andalucía",,"2026-2027"
"PARQUE NATURAL DE ANDALUCÍA","Johan G.Gutenberg, s/n Edif. Kuwait",41092,"Sevilla","Sevilla","Chacón","Mª Dolores","950 393 602",,"950 391 218","fasepan@marcaparquenatural.com","www.marcaparquenatural.com",6,"Productos agroalimentarios elaborados en parques naturales de andalucía",,"2026-2027"
"PARQUE NATURAL DE ANDALUCÍA","Johan G.Gutenberg, s/n Edif. Kuwait",41092,"Sevilla","Sevilla","Chacón","Mª Dolores","950 393 602",,"950 391 218","fasepan@marcaparquenatural.com","www.marcaparquenatural.com",7,"Productos agroalimentarios elaborados en parques naturales de andalucía",,"2026-2027"
"PARQUE NATURAL DE ANDALUCÍA","Johan G.Gutenberg, s/n Edif. Kuwait",41092,"Sevilla","Sevilla","Chacón","Mª Dolores","950 393 602",,"950 391 218","fasepan@marcaparquenatural.com","www.marcaparquenatural.com",9,"Productos agroalimentarios elaborados en parques naturales de andalucía",,"2026-2027"
"PARQUE NATURAL DE ANDALUCÍA","Johan G.Gutenberg, s/n Edif. Kuwait",41092,"Sevilla","Sevilla","Chacón","Mª Dolores","950 393 602",,"950 391 218","fasepan@marcaparquenatural.com","www.marcaparquenatural.com",10,"Productos agroalimentarios elaborados en parques naturales de andalucía",,"2026-2027"
"PARQUE NATURAL DE ANDALUCÍA","Johan G.Gutenberg, s/n Edif. Kuwait",41092,"Sevilla","Sevilla","Chacón","Mª Dolores","950 393 602",,"950 391 218","fasepan@marcaparquenatural.com","www.marcaparquenatural.com",11,"Productos agroalimentarios elaborados en parques naturales de andalucía",,"2026-2027"
"PARQUE NATURAL DE ANDALUCÍA","Johan G.Gutenberg, s/n Edif. Kuwait",41092,"Sevilla","Sevilla","Chacón","Mª Dolores","950 393 602",,"950 391 218","fasepan@marcaparquenatural.com","www.marcaparquenatural.com",12,"Productos agroalimentarios elaborados en parques naturales de andalucía",,"2026-2027"
"PARQUE NATURAL DE ANDALUCÍA","Johan G.Gutenberg, s/n Edif. Kuwait",41092,"Sevilla","Sevilla","Chacón","Mª Dolores","950 393 602",,"950 391 218","fasepan@marcaparquenatural.com","www.marcaparquenatural.com",13,"Productos agroalimentarios elaborados en parques naturales de andalucía",,"2026-2027"
"PARQUE NATURAL DE ANDALUCÍA","Johan G.Gutenberg, s/n Edif. Kuwait",41092,"Sevilla","Sevilla","Chacón","Mª Dolores","950 393 602",,"950 391 218","fasepan@marcaparquenatural.com","www.marcaparquenatural.com",14,"Productos agroalimentarios elaborados en parques naturales de andalucía",,"2026-2027"
"PARQUE NATURAL DE ANDALUCÍA","Johan G.Gutenberg, s/n Edif. Kuwait",41092,"Sevilla","Sevilla","Chacón","Mª Dolores","950 393 602",,"950 391 218","fasepan@marcaparquenatural.com","www.marcaparquenatural.com",15,"Productos agroalimentarios elaborados en parques naturales de andalucía",,"2026-2027"
"PARQUE NATURAL DE ANDALUCÍA","Johan G.Gutenberg, s/n Edif. Kuwait",41092,"Sevilla","Sevilla","Chacón","Mª Dolores","950 393 602",,"950 391 218","fasepan@marcaparquenatural.com","www.marcaparquenatural.com",16,"Productos agroalimentarios elaborados en parques naturales de andalucía",,"2026-2027"
"PESASUR, S.A.","Pol. Ind. C/ Ribera del Guadiana, Parc. 2 - 3",21400,"Ayamonte","Huelva","Fernández González","José Manuel","959 321 075 / 76","629 543 651","959 320 876","pesasur@pesasur.com","www.pesasur.com",6,"Fil.Caballa de Andalucía, Fil. Melva de Andalucía, Fil. Melva de Andalucía (Canutera), Fil. de Atún, Fil. Bonito de vientre rayado, Fil. Salmón, en aceites de oliva y aceite de girasol. Sardinas y sardinillas en aceite de oliva y girasol. Mejillones en escabeche, Pulpo en aceite de oliva, Sardinas saladas.","Estuches RR-125, RR-335, RR-550, RO-1000, RO-1800, RO-1950, RO-2450,RO-4150; Cristal FR-150, FR-200, FR-315, FR-450. Bolsas y tabales",2205
"DAABIO ECOLÓGICO","Avda. de Andalucía, 30",14550,"MONTILLA","Córdoba","Luque Pinilla","Juan Manuel",957370021,,957374077,"info@daabio.es","www.daabio.es",1,"Garbanzos, alubias, lentejas, arroz","1/2 Kg., 1 Kg., 5 Kg., 15 Kg., 25 Kg. Envase de plástico y tela.",2209
"DAABIO ECOLÓGICO","Avda. de Andalucía, 30",14550,"MONTILLA","Córdoba","Luque Pinilla","Juan Manuel",957370021,,957374077,"info@daabio.es","www.daabio.es",2,"Garbanzos, alubias, lentejas, arroz","1/2 Kg., 1 Kg., 5 Kg., 15 Kg., 25 Kg. Envase de plástico y tela.",2209
"DAABIO ECOLÓGICO","Avda. de Andalucía, 30",14550,"MONTILLA","Córdoba","Luque Pinilla","Juan Manuel",957370021,,957374077,"info@daabio.es","www.daabio.es",6,"Garbanzos, alubias, lentejas, arroz","1/2 Kg., 1 Kg., 5 Kg., 15 Kg., 25 Kg. Envase de plástico y tela.",2209
"PROLONGO","Plaza Prolongo, 1",19580,"Cártama Estación","Málaga","Alejo","Manuel","952 420 000",,"952 420 115","comercial@prolongo.es","www.prolongo.es",13,"Embutidos y jamones","Embutidos en piezas para corte y loncheados en atmósfera protectora. Jamones enteros, deshuesados y loncheados.",2034
"QUESOS DE ANDALUCÍA","Dehesa, 80",29560,"Pizarra","Málaga","Jiménez Gómez","Margarita","952 483 868","610 868 642","952 483 869","agroindustria@valledelguadalhorce.com","www.quesosdeandalucia.com",15,"Quesos artesanales de cabra y oveja.","Amplia gama de formatos y presentaciones.",
"RAÍCES SERRANAS DE JABUGO, S.L.","Juán de Ledesma, 103",41006,"Sevilla","Sevilla","Bomba Gómez","Sergio","959 122 868","609 750 070","959 122 668","ventas@sierradejabugo.com","www.sierradejabugo.com",13,"Jamones, Paletas y embutidos ibéricos, Carnes frescas ibéricas.","Piezas enteras, deshuesados, loncheados, carnes frescas y congeladas al vacío.",2081
"S.C.A.A.""SAN FRANCISCO""","Ctra.Córdoba-Valencia, s/n",23330,"Villanueva del Arzobispo","Jaén","González","Mª Francisca",,"606 272 731","953 451 931","m.fca.gonzalez@telefonica.net","www.sierralasvillas.com",1,"Aceite de Oliva Virgen Extra ""Sierra de las Villas"". Aceite de Oliva Virgen Extra Calidad Certificada ""Oro de las Villas""","Producimos Aceite de Oliva Virgen Extra en varios formatos. En envases de plástico (PET), vidrio y latas.",2055
"SIERRA DE JABUGO, S.L.","Juan de Ledesma, 103",41006,"Sevilla","Sevilla","Bomba Gómez","Sergio","959 122 868","609 750 070","959 122 668","ventas@sierradejabugo.com","www.sierradejabugo.com",13,"Jamones, Paletas y embutidos ibéricos, Carnes frescas ibéricas.","Piezas enteras, deshuesados, loncheados, carnes frescas y congeladas al vacio.",2080
"SIERRA DE SEVILLA","Avda. García Morato, 9 Edf. Gilaresa, 9",41011,"Sevilla","Sevilla","Mulliez","Laureline","954 229 256","652 263 645","954 211 176","laureline@sierradesevilla.com","www.sierradesevilla.com",13,"Jamón ibérico de bellota, Paleta ibérica de bellota, Caña de lomo ibérica de bellota, Chorizo ibérico de bellota, Salchichón ibérico de bellota, Lomito ibérico de bellota.","Jamón y paleta (entero, deshuesado y loncheado). Lomito (entero). Caña de lomo, chorizo y salchichón (enteros y medias piezas)","2206-2207"
"SKANDIA","Ernest Hemingway, s/n",29004,"Málaga","Málaga","Jensen","Lillan","952 238 040","639 130 824","952 233 359","lillan@vensy.es","www.vensy.es",12,"Salmón ahumado, Palometa ahumada, Trucha ahumada, Bacalao ahumado, Atún ahumado, Pez espada ahumado, Arenques ahumado, Huevas de caviar, Salmón fresco marinado.","100 gr. a 1600 gr.; Bolsas film cerrado al vacío; Barquetas",2038
"SOHISCERT, S.A.","Finca La Cañada, Ctra. Sevilla - Utrera Km. 20,8",47710,"Utrera","Sevilla","Caballero Luna","Ildefonso","955 868 051","650 977 595","955 868 137","sohiscert@sohiscert.com","www.sohiscert.com",8,"Certificación agroalimentaria: Productos ecológicos, GlobalGap, Vinos de la tierra, Aves de corral, Huevos, Pliegos privados",,2028
"SOHISCERT, S.A.","Finca La Cañada, Ctra. Sevilla - Utrera Km. 20,8",47710,"Utrera","Sevilla","Caballero Luna","Ildefonso","955 868 051","650 977 595","955 868 137","sohiscert@sohiscert.com","www.sohiscert.com",9,"Certificación agroalimentaria: Productos ecológicos, GlobalGap, Vinos de la tierra, Aves de corral, Huevos, Pliegos privados",,2028
"TUNAMAR","Rec. Int. Zona Franca, Muelle Ribera, s/n",11011,"Cádiz","Cádiz","Luna","Antonio","956 200 971","676 877 902","956 200 972","antonio@tunamar.eu","www.tunamar.eu",3,"Atún, Marrajo, Pez espada, Bonito del norte","Lomos en atmósfera protectora; Rodajas en bandejas con atmósfera protectora; Piezas congeladas; Latas y botes de cristal de conserva: botes ventresca, botes atún, latas ventresca, latas migas atún. Botes: 250 gr., 350 gr. Latas: 1 kg.",2079
"TUNAMAR","Rec. Int. Zona Franca, Muelle Ribera, s/n",11011,"Cádiz","Cádiz","Luna","Antonio","956 200 971","676 877 902","956 200 972","antonio@tunamar.eu","www.tunamar.eu",6,"Atún, Marrajo, Pez espada, Bonito del norte","Lomos en atmósfera protectora; Rodajas en bandejas con atmósfera protectora; Piezas congeladas; Latas y botes de cristal de conserva: botes ventresca, botes atún, latas ventresca, latas migas atún. Botes: 250 gr., 350 gr. Latas: 1 kg.",2079
"TUNAMAR","Rec. Int. Zona Franca, Muelle Ribera, s/n",11011,"Cádiz","Cádiz","Luna","Antonio","956 200 971","676 877 902","956 200 972","antonio@tunamar.eu","www.tunamar.eu",12,"Atún, Marrajo, Pez espada, Bonito del norte","Lomos en atmósfera protectora; Rodajas en bandejas con atmósfera protectora; Piezas congeladas; Latas y botes de cristal de conserva: botes ventresca, botes atún, latas ventresca, latas migas atún. Botes: 250 gr., 350 gr. Latas: 1 kg.",2079
"UBAGO GROUP MARE, S.L.","Charles Darwin, 3 P.T.A. (Parque Tec. de Andalucía)",29590,"Campanillas","Málaga","Blanco","Antonio","951 010 470",,"951 010 471","ablanco@ubagogroup.com","www.ubago.com",6,"Conservas de pescado principalmente caballa, melva, langostillos, gula y otros mariscos. Por otro lado comercialización de pescados ahumados.","Todos los formatos en conservas RR-90, RR-125, RO-280, RO-550, RO-1000 y R0-1800. Todo ello para melva, caballa, langostillo, gula, mariscos de chile y otras especialidades. En pescados ahumados gran variedad de surtidos y formatos. Salmón, bacalao, palometa, huevas,..",2054
"UBAGO GROUP MARE, S.L.","Charles Darwin, 3 P.T.A. (Parque Tec. de Andalucía)",29590,"Campanillas","Málaga","Blanco","Antonio","951 010 470",,"951 010 471","ablanco@ubagogroup.com","www.ubago.com",12,"Conservas de pescado principalmente caballa, melva, langostillos, gula y otros mariscos. Por otro lado comercialización de pescados ahumados.","Todos los formatos en conservas RR-90, RR-125, RO-280, RO-550, RO-1000 y R0-1800. Todo ello para melva, caballa, langostillo, gula, mariscos de chile y otras especialidades. En pescados ahumados gran variedad de surtidos y formatos. Salmón, bacalao, palometa, huevas,..",2054
"VINÍCOLA DEL CONDADO","San José, 2",21710,"Bollullos par del Condado","Huelva","Vázquez","Andrés","959 410 261",,"959 410 171","direccion@vinicoladelcondado.com","www.privilegiodelcondado.com",16,"Vinos blancos y tintos del Condado de Huelva; Vinagres del Condado de Huelva; Vinos blancos y tintos de mesa.","Botellas de 3/8 l., 1,2 l., 3/4 l. y 1l.; Bag in box de 2l., 3l., 5l. y 15 l.",2033
"AGRO SEVILLA","Av. Innovación, E. Rentasevilla 8",41020,"Sevilla","Sevilla","González O'Sullivan","Finbarr",954251400,,954251071,"grupo@agrosevilla.com","www.agrosevilla.com",1,,,2256
"AGRO SEVILLA","Av. Innovación, E. Rentasevilla 8",41020,"Sevilla","Sevilla","González O'Sullivan","Finbarr",954251400,,954251071,"grupo@agrosevilla.com","www.agrosevilla.com",2,,,2256
"C.R.D.O. MONTILLA-MORILES","Rita Pérez s/n",14550,"Montilla","Córdoba"," Garrido Giménez","Enrique",957699959,,957699963,"consejo.montillamoriles@juntadeandalucia","www.montilla-moriles.org",16,,,"2058-2059; 2062-2063"
